{
    "pools": [
      {
        "rolls": 1,
        "entries": [
          {
            "type": "item",
            "weight": 1,
            "name": "minecraft:iron_helmet",
            "functions": [
              {
                "function": "set_count",
                "count": 1
              },
              {
                "function": "set_nbt",
                "tag": "{display:{Name:'{\"translate\":\"cw.armor.helmet\",\"color\":\"aqua\",\"italic\":false}'},HideFlags:5,Unbreakable:1b,Enchantments:[{id:\"minecraft:protection\",lvl:4s},{id:\"minecraft:projectile_protection\",lvl:4s}]}"
              }
            ]
          }
        ]
      }
    ]
  }