{
  "pools": [
    {
      "rolls": 1,
      "entries": [
        {
          "type": "item",
          "weight": 1,
          "name": "minecraft:diamond_chestplate",
          "functions": [
            {
              "function": "set_count",
              "count": 1
            },
            {
              "function": "set_nbt",
              "tag": "{HideFlags:5,Unbreakable:1b,Enchantments:[{id:\"minecraft:protection\",lvl:9s}]}"
            },
            {
              "function": "set_name",
              "name": [
                {
                  "translate": "cw.armor.monster_chestplate",
                  "color": "aqua",
                  "italic": "false"
                }
              ]
            }
          ]
        }
      ]
    }
  ]
}