{
  "pools": [
    {
      "rolls": 1,
      "entries": [
        {
          "type": "item",
          "weight": 1,
          "name": "minecraft:crossbow",
          "functions": [
            {
              "function": "set_count",
              "count": 1
            },
            {
              "function": "set_name",
              "name": [
                {
                  "translate": "cw.weapons.assault_rifle",
                  "color": "light_purple",
                  "italic": "false"
                }
              ]
            },
            {
              "function": "set_nbt",
              "tag": "{WType:'assault_rifle',CustomModelData:100,HideFlags:37,Unbreakable:1b,ChargedProjectiles:[{id:\"minecraft:arrow\",Count:1b},{}],Charged:1b}"
            }
          ]
        }
      ]
    }
  ]
}
