{
  "pools": [
    {
      "rolls": 1,
      "entries": [
        {
          "type": "item",
          "weight": 1,
          "name": "minecraft:crossbow",
          "functions": [
            {
              "function": "set_count",
              "count": 1
            },
            {
              "function": "set_name",
              "name": [
                {
                  "translate": "cw.weapons.expansive_rifle",
                  "color": "light_purple",
                  "italic": "false"
                }
              ]
            },
            {
              "function": "set_nbt",
              "tag": "{WType:'expansive_rifle',CustomModelData:400,HideFlags:37,Unbreakable:1b,Enchantments:[{id:\"minecraft:quick_charge\",lvl:3s}],ChargedProjectiles:[{id:\"minecraft:tipped_arrow\",Count:1b,tag:{display:{Name:'{\"text\":\"Патрон\",\"color\":\"yellow\",\"italic\":false}'},CustomPotionEffects:[{Id:17b,Amplifier:1b,Duration:90,ShowParticles:0b}]}}],Charged:1b}"
            }
          ]
        }
      ]
    }
  ]
}
