{
    "pools": [
      {
        "rolls": 1,
        "entries": [
          {
            "type": "item",
            "weight": 1,
            "name": "minecraft:netherite_sword",
            "functions": [
              {
                "function": "set_count",
                "count": 1
              },
              {
                "function": "set_name",
                "name": [
                  {
                    "translate": "cw.weapons.katana",
                    "color": "light_purple",
                    "italic": "false"
                  }
                ]
              },
              {
                "function": "set_nbt",
                "tag": "{WType:'katana',HideFlags:5,Unbreakable:1b,CustomModelData:0}"
              }
            ]
          }
        ]
      }
    ]
  }