{
    "pools": [
      {
        "rolls": 1,
        "entries": [
          {
            "type": "item",
            "weight": 1,
            "name": "minecraft:wooden_sword",
            "functions": [
              {
                "function": "set_count",
                "count": 1
              },
              {
                "function": "set_name",
                "name": [
                  {
                    "translate": "cw.weapons.knife",
                    "color": "gold",
                    "italic": "false"
                  }
                ]
              },
              {
                "function": "set_nbt",
                "tag": "{WType:'knife',CustomModelData:0,HideFlags:5,Unbreakable:1b,Enchantments:[{id:\"minecraft:sharpness\",lvl:3s}]}"
              }
            ]
          }
        ]
      }
    ]
  }