{
  "pools": [
    {
      "rolls": 1,
      "entries": [
        {
          "type": "item",
          "weight": 1,
          "name": "minecraft:stone_sword",
          "functions": [
            {
              "function": "set_count",
              "count": 1
            },
            {
              "function": "set_name",
              "name": [
                {
                  "translate": "cw.weapons.paw",
                  "color": "light_purple",
                  "italic": "false"
                }
              ]
            },
            {
              "function": "set_nbt",
              "tag": "{WType:'paw',HideFlags:5,Unbreakable:1b,Enchantments:[{id:\"minecraft:sharpness\",lvl:7s}]}"
            }
          ]
        }
      ]
    }
  ]
}