{
    "pools": [
      {
        "rolls": 1,
        "entries": [
          {
            "type": "item",
            "weight": 1,
            "name": "minecraft:bow",
            "functions": [
              {
                "function": "set_count",
                "count": 1
              },
              {
              "function": "set_name",
              "name": [
                {
                  "translate": "cw.weapons.pistol",
                  "color": "gold",
                  "italic": "false"
                }
              ]
            },
              {
                "function": "set_nbt",
                "tag": "{WType:'pistol',CustomModelData:100,HideFlags:5,Unbreakable:1b,Enchantments:[{id:\"minecraft:power\",lvl:1s},{id:\"minecraft:punch\",lvl:1s}]}"
              }
            ]
          }
        ]
      }
    ]
  }