{
    "pools": [
      {
        "rolls": 1,
        "entries": [
          {
            "type": "item",
            "weight": 1,
            "name": "minecraft:shield",
            "functions": [
              {
                "function": "set_count",
                "count": 1
              },
              {
              "function": "set_name",
              "name": [
                {
                  "translate": "cw.weapons.shield",
                  "color": "light_purple",
                  "italic": "false"
                }
              ]
            },
              {
                "function": "set_nbt",
                "tag": "{WType:'shield',HideFlags:5,Unbreakable:1b,Enchantments:[{id:\"minecraft:protection\",lvl:4s},{id:\"minecraft:projectile_protection\",lvl:4s}],CustomModelData:0}"
              }
            ]
          }
        ]
      }
    ]
  }