{
    "pools": [
      {
        "rolls": 1,
        "entries": [
          {
            "type": "item",
            "weight": 1,
            "name": "minecraft:crossbow",
            "functions": [
              {
                "function": "set_count",
                "count": 1
              },
              {
              "function": "set_name",
              "name": [
                {
                  "translate": "cw.weapons.shotgun",
                  "color": "light_purple",
                  "italic": "false"
                }
              ]
            },
              {
                "function": "set_nbt",
                "tag": "{WType:'shotgun',CustomModelData:200,HideFlags:37,Unbreakable:1b,Enchantments:[{id:\"minecraft:multishot\",lvl:1s},{id:\"minecraft:piercing\",lvl:10s}],ChargedProjectiles:[ {id:\"minecraft:tipped_arrow\",Count:1,tag:{CustomPotionEffects:[{Id:7b,Amplifier:2b,Duration:1,ShowParticles:0b}]}} , {id:\"minecraft:tipped_arrow\",Count:1,tag:{CustomPotionEffects:[{Id:7b,Amplifier:2b,Duration:1,ShowParticles:0b}]}} , {id:\"minecraft:tipped_arrow\",Count:1,tag:{CustomPotionEffects:[{Id:7b,Amplifier:2b,Duration:1,ShowParticles:0b}]}} ],Charged:1b}"
              }
            ]
          }
        ]
      }
    ]
  }