{
    "pools": [
      {
        "rolls": 1,
        "entries": [
          {
            "type": "item",
            "weight": 1,
            "name": "minecraft:bow",
            "functions": [
              {
                "function": "set_count",
                "count": 1
              },
              {
              "function": "set_name",
              "name": [
                {
                  "translate": "cw.weapons.sniper_rifle",
                  "color": "light_purple",
                  "italic": "false"
                }
              ]
            },
              {
                "function": "set_nbt",
                "tag": "{WType:'sniper_rifle',CustomModelData:200,HideFlags:5,Unbreakable:1b,Enchantments:[{id:\"minecraft:sharpness\",lvl:2s},{id:\"minecraft:power\",lvl:24s}]}"
              }
            ]
          }
        ]
      }
    ]
  }