{
  "pools": [
    {
      "rolls": 1,
      "entries": [
        {
          "type": "item",
          "weight": 1,
          "name": "minecraft:crossbow",
          "functions": [
            {
              "function": "set_count",
              "count": 1
            },
            {
              "function": "set_name",
              "name": [
                {
                  "translate": "cw.weapons.submachine_gun",
                  "color": "light_purple",
                  "italic": "false"
                }
              ]
            },
            {
              "function": "set_nbt",
              "tag": "{WType:'submachine_gun',CustomModelData:300,HideFlags:37,Unbreakable:1b,ChargedProjectiles:[{id:\"minecraft:tipped_arrow\",Count:1b,tag:{CustomPotionEffects:[{Id:24b,Amplifier:1b,Duration:10,ShowParticles:0b}]}}],Charged:1b}"
            }
          ]
        }
      ]
    }
  ]
}
