{
    "pools": [
        {"rolls": 1,"entries": [{"type": "loot_table","weight": 1,"name": "pack:items/weapons/knife"}]},
        {"rolls": 1,"entries": [{"type": "loot_table","weight": 1,"name": "pack:items/weapons/pistol"}]},

        {"rolls": 6,"entries": [{"type": "loot_table","weight": 1,"name": "pack:items/pill"}]},
        
        {"rolls": 1,"entries": [{"type": "loot_table","weight": 1,"name": "pack:items/armor/sniper_chestplate"}]},
        
        
        {
          "rolls": 1,
          "entries": [
            {
              "type": "item",
              "weight": 1,
              "name": "minecraft:leather_helmet",
              "functions": [
                {
                  "function": "set_count",
                  "count": 1
                },
                {
                  "function": "set_nbt",
                  "tag": "{HideFlags:4,Unbreakable:1b}"
                },
                {
                  "function": "set_name",
                  "name": [
                    {
                      "translate": "cw.armor.medic_hat",
                      "color": "gold",
                      "italic": "false"
                    }
                  ]
                }
              ]
            }
          ]
        },

        {"rolls": 1,"entries": [{"type": "loot_table","weight": 1,"name": "pack:items/arrow"}]}
    ]
}