{
    "pools": [
        {"rolls": 1,"entries": [{"type": "loot_table","weight": 1,"name": "pack:items/weapons/knife"}]},
        {"rolls": 1,"entries": [{"type": "loot_table","weight": 1,"name": "pack:items/weapons/pistol"}]},

        {"rolls": 1,"entries": [{"type": "loot_table","weight": 1,"name": "pack:items/pill"}]},

        {"rolls": 2,"entries": [{"type": "loot_table","weight": 1,"name": "pack:items/grenades/smoke_grenade"}]},
        
        {"rolls": 3,"entries": [{"type": "loot_table","weight": 1,"name": "pack:items/mine"}]},
        
        {"rolls": 1,"entries": [{"type": "loot_table","weight": 1,"name": "pack:items/armor/helmet"}]},
        {"rolls": 1,"entries": [{"type": "loot_table","weight": 1,"name": "pack:items/armor/chestplate"}]},

        {"rolls": 1,"entries": [{"type": "loot_table","weight": 1,"name": "pack:items/arrow"}]}
    ]
}