{
    "pools": [
      {
        "rolls": 1,
        "entries": [
          {
            "type": "item",
            "weight": 1,
            "name": "minecraft:splash_potion",
            "functions": [
              {
                "function": "set_count",
                "count": 1
              },
              {
                "function": "set_name",
                "name": [
                  {
                    "translate": "cw.grenades.frag",
                    "color": "aqua",
                    "italic": "false"
                  }
                ]
              },
              {
                "function": "set_lore",
                "lore": [
                  [
                    {
                      "translate": "cw.grenade.lore",
                      "color": "white",
                      "italic": "false"
                    }
                  ]
                ]
              },
              {
                "function": "set_nbt",
                "tag": "{HideFlags:32,CustomModelData:2,CustomPotionEffects:[{Id:2b,Amplifier:2b,Duration:100,ShowParticles:0b},{Id:4b,Amplifier:1b,Duration:80,ShowParticles:0b},{Id:7b,Amplifier:1b,Duration:0},{Id:15b,Amplifier:0b,Duration:60,ShowParticles:0b},{Id:18b,Amplifier:1b,Duration:60,ShowParticles:0b},{Id:20b,Amplifier:2b,Duration:60,ShowParticles:0b}],CustomPotionColor:0}"
              }
            ]
          }
        ]
      }
    ]
  }