{
    "pools": [
      {
        "rolls": 1,
        "entries": [
          {
            "type": "item",
            "weight": 1,
            "name": "minecraft:splash_potion",
            "functions": [
              {"function": "set_count", "count": 1},
              {"function": "set_name",  "name": [{"translate": "cw.grenades.molotov", "color": "aqua", "italic": "false"}]},
              {"function": "set_lore", "lore": [[{"translate": "cw.grenade.lore", "color": "white", "italic": "false"}]]},
              {
                "function": "set_nbt",
                "tag": "{HideFlags:32,CustomModelData:1,CustomPotionEffects:[{Id:2b,Amplifier:2b,Duration:60,ShowParticles:0b},{Id:9b,Amplifier:0b,Duration:60,ShowParticles:0b},{Id:15b,Amplifier:0b,Duration:80,ShowParticles:0b},{Id:19b,Amplifier:1b,Duration:60,ShowParticles:0b},{Id:20b,Amplifier:0b,Duration:60,ShowParticles:0b}],CustomPotionColor:16742144}"
              }
            ]
          }
        ]
      }
    ]
  }