{
    "pools": [
      {
        "rolls": 1,
        "entries": [
          {
            "type": "item",
            "weight": 1,
            "name": "minecraft:lingering_potion",
            "functions": [
              {"function": "set_count", "count": 1},
              {"function": "set_name",  "name": [{"translate": "cw.grenades.smoke", "color": "gold", "italic": "false"}]},
              {"function": "set_lore", "lore": [[{"translate": "cw.grenades.smoke.lore", "color": "white", "italic": "false"}]]},

              {
                "function": "set_nbt",
                "tag": "{CustomModelData:2, HideFlags:32, Potion:\"minecraft:awkward\"}"
              }
            ]
          }
        ]
      }
    ]
  }