{
  "display": {
    "icon": {
      "item": "minecraft:player_head",
      "nbt": "{SkullOwner:\"_Yunix_\"}"
    },
    "title": {
      "translate": "cw.advancement.atin_yunix.title"
    },
    "description": {
      "translate": "cw.advancement.atin_yunix.description"
    },
    "frame": "challenge",
    "show_toast": true,
    "announce_to_chat": true,
    "hidden": true
  },
  "parent": "pack:part_hp",
  "criteria": {
    "requirement": {
      "trigger": "minecraft:player_interacted_with_entity",
      "conditions": {
        "item": {
          "items": [
            "minecraft:iron_chestplate"
          ]
        },
        "entity": {
          "type": "minecraft:armor_stand",
          "nbt": "{Tags:[\"anti\"]}"
        }
      }
    }
  },
  "rewards": {
    "function": "pack:advancements/hard"
  }
}
