{
  "display": {
    "icon": {
      "item": "minecraft:player_head",
      "nbt": "{SkullOwner:{Name:\"Shelvi\",Id:\"d4c5ad3f-91b1-aa25-32fa-d0a59a826110\",Properties:{textures:[{Value:\"eyJ0ZXh0dXJlcyI6eyJTS0lOIjp7InVybCI6Imh0dHA6Ly90ZXh0dXJlcy5taW5lY3JhZnQubmV0L3RleHR1cmUvZDRjNWFkM2Y5MWIxYWEyNTMyZmFkMGE1OWE4MjYxMTBkOWRkZjliMDc3ZTU1MGQ0MGFkZTUwNzNhZWZmMTI4MiJ9fX0=\"}]}}}"

    },
    "title": {
      "translate": "cw.advancement.baby_streat.title"
    },
    "description": {
      "translate": "cw.advancement.baby_streat.description"
    },
    "show_toast": true,
    "announce_to_chat": true,
    "hidden": false
  },
  "parent": "pack:main",
  "criteria": {
    "requirement": {
      "trigger": "minecraft:location",
      "conditions": {
        "player": {
          "stepping_on": {
            "block": {
              "blocks": [
                "minecraft:light_gray_shulker_box"
              ],
              "nbt": "{Items:[{Count:1b,Slot:0b,id:\"minecraft:brick\"}]}"
            }
          }
        }
      }
    }
  },
  "rewards": {
    "function": "pack:advancements/easy"
  }
}
