{
  "display": {
    "icon": {
      "item": "minecraft:bow",
      "nbt": "{CustomModelData:2}"
    },
    "title": {
      "translate": "cw.advancement.blinde_sniper.title"
    },
    "description": {
      "translate": "cw.advancement.blinde_sniper.description"
    },
    "show_toast": true,
    "announce_to_chat": true,
    "hidden": false
  },
  "parent": "pack:first_kill",
  "criteria": {
    "requirement": {
      "trigger": "minecraft:player_killed_entity",
      "conditions": {
        "player": {
          "equipment": {
            "mainhand": {
              "items": [
                "minecraft:bow"
              ],
              "enchantments": [
                {
                  "enchantment": "minecraft:power",
                  "levels": 24
                }
                ]
            }
          },
          "effects": {
            "minecraft:blindness": {
              "visible": true
            }
          }
        },
        "killing_blow": {
          "is_projectile": true
        }
      }
    }
  },
  "rewards": {
    "function": "pack:advancements/hard"
  }
}
