{
  "display": {
    "icon": {
      "item": "minecraft:honey_bottle"
    },
    "title": {
      "translate": "cw.advancement.bomb.title"
    },
    "description": {
      "translate": "cw.advancement.bomb.description"
    },
    "show_toast": true,
    "announce_to_chat": true,
    "hidden": false
  },
  "parent": "pack:main",
  "criteria": {
    "requirement": {
      "trigger": "minecraft:using_item",
      "conditions": {
        "item": {
          "items": [
            "minecraft:honey_bottle"
          ]
        }
      }
    }
  },
  "rewards": {
    "function": "pack:advancements/easy"
  }
}
