{
  "display": {
    "icon": {
      "item": "minecraft:barrier"
    },
    "title": {
      "translate": "cw.advancement.cheat_visible.title"
    },
    "description": {
      "translate": "cw.advancement.cheat_visible.description"
    },
    "frame": "task",
    "show_toast": true,
    "announce_to_chat": true,
    "hidden": true
  },
  "parent": "pack:main",
  "criteria": {
    "1": {
      "trigger": "minecraft:inventory_changed",
      "conditions": {
        "items": [
          {
            "items": [
              "minecraft:ender_pearl"
            ]
          }
        ]
      }
    }
  },
  "rewards": {
    "function": "pack:advancements/easy"
  }
}
