{
  "display": {
    "icon": {
      "item": "minecraft:player_head",
      "nbt": "{display:{Name:\"{\\\"text\\\":\\\"Клоун\\\"}\"},SkullOwner:{Id:[I;-789644380,1254312562,-1623506484,-1540533662],Properties:{textures:[{Value:\"eyJ0ZXh0dXJlcyI6eyJTS0lOIjp7InVybCI6Imh0dHA6Ly90ZXh0dXJlcy5taW5lY3JhZnQubmV0L3RleHR1cmUvZTk1Y2YzM2JmZDEzOTQyMGE5MzdlNmQ4N2QyZWFjMjcyNWMyMTBkYzEzMjJhMWVlYWU3NWJjYzg2ZTJiNzg0ZiJ9fX0=\"}]}}}"
    },
    "title": {
      "translate": "cw.advancement.clown.title"
    },
    "description": {
      "translate": "cw.advancement.clown.description"
    },
    "show_toast": true,
    "announce_to_chat": true,
    "hidden": true
  },
  "parent": "pack:main",
  "criteria": {
    "requirement": {
      "trigger": "minecraft:impossible"
    }
  },
  "rewards": {
    "function": "pack:advancements/easy"
  }
}
