{
  "display": {
    "icon": {
      "item": "minecraft:wooden_sword"
    },
    "title": {
      "translate": "cw.advancement.first_kill.title"
    },
    "description": {
      "translate": "cw.advancement.first_kill.description"
    },
    "show_toast": true,
    "announce_to_chat": true,
    "hidden": false
  },
  "parent": "pack:main",
  "criteria": {
    "requirement": {
      "trigger": "minecraft:player_killed_entity",
      "conditions": {
        "entity": {
          "type": "minecraft:player"
        }
      }
    }
  },
  "rewards": {
    "function": "pack:advancements/easy"
  }
}
