{
  "display": {
    "icon": {
      "item": "minecraft:stick"
    },
    "title": {
      "translate": "cw.advancement.gari.title"
    },
    "description": {
      "translate": "cw.advancement.gari.description"
    },
    "show_toast": true,
    "announce_to_chat": false,
    "hidden": false
  },
  "parent": "pack:main",
  "criteria": {
    "requirement": {
      "trigger": "minecraft:location",
      "conditions": {
        "player": {
          "stepping_on": {
            "block": {
              "blocks": [
                "minecraft:light_gray_shulker_box"
              ],
              "nbt": "{Items:[{Count:1b,Slot:0b,id:\"minecraft:stick\"}]}"
            }
          }
        }
      }
    }
  },
  "rewards": {
    "function": "pack:advancements/easy"
  }
}
