{
  "display": {
    "icon": {
      "item": "minecraft:golden_sword"
    },
    "title": {
      "translate": "cw.advancement.golden_sword.title"
    },
    "description": {
      "translate": "cw.advancement.golden_sword.description"
    },
    "show_toast": true,
    "announce_to_chat": true,
    "hidden": false
  },
  "parent": "pack:main",
  "criteria": {
    "1": {
      "trigger": "minecraft:impossible"
    },
    "2": {
      "trigger": "minecraft:impossible"
    },
    "3": {
      "trigger": "minecraft:impossible"
    },
    "4": {
      "trigger": "minecraft:impossible"
    },
    "5": {
      "trigger": "minecraft:impossible"
    },
    "6": {
      "trigger": "minecraft:impossible"
    }
  },
  "rewards": {
    "function": "pack:advancements/hard"
  }
}