{
  "display": {
    "icon": {
      "item": "minecraft:shield"
    },
    "title": {
      "translate": "cw.advancement.kill_bomber.title"
    },
    "description": {
      "translate": "cw.advancement.kill_bomber.description"
    },
    "frame": "challenge",
    "show_toast": true,
    "announce_to_chat": true,
    "hidden": false
  },
  "parent": "pack:bomb",
  "criteria": {
    "requirement": {
      "trigger": "minecraft:player_killed_entity",
      "conditions": {
        "entity": {
          "equipment": {
            "mainhand": {
              "items": [
                "minecraft:honey_bottle"
              ]
            }
          }
        }
      }
    }
  },
  "rewards": {
    "function": "pack:advancements/hard"
  }
}
