{
  "display": {
    "icon": {
      "item": "minecraft:snowball"
    },
    "title": {
      "translate": "cw.advancement.kill_monster.title"
    },
    "description": {
      "translate": "cw.advancement.kill_monster.description"
    },
    "frame": "challenge",
    "show_toast": true,
    "announce_to_chat": true,
    "hidden": false
  },
  "parent": "pack:first_kill",
  "criteria": {
    "requirement": {
      "trigger": "minecraft:player_killed_entity",
      "conditions": {
        "entity": {
          "effects": {
            "minecraft:jump_boost": {
              "amplifier": 1,
              "visible": false
            }
          }
        }
      }
    }
  },
  "rewards": {
    "function": "pack:advancements/medium"
  }
}
