{
  "display": {
    "icon": {
      "item": "minecraft:wooden_sword",
      "nbt": "{CustomModelData:1}"
    },
    "title": {
      "translate": "cw.advancement.knife_shotgun.title"
    },
    "description": {
      "translate": "cw.advancement.knife_shotgun.description"
    },
    "show_toast": true,
    "announce_to_chat": true,
    "hidden": false
  },
  "parent": "pack:first_kill",
  "criteria": {
    "requirement": {
      "trigger": "minecraft:player_killed_entity",
      "conditions": {
        "player": {
          "nbt": "{Inventory:[{id:\"minecraft:crossbow\",tag:{Enchantments:[{lvl:10s,id:\"minecraft:piercing\"}]}}]}",
          "equipment": {
            "mainhand": {
              "items": [
                "minecraft:wooden_sword"
              ]
            }
          }
        }
      }
    }
  },
  "rewards": {
    "function": "pack:advancements/medium"
  }
}
