{
  "display": {
    "icon": {
      "item": "minecraft:iron_helmet"
    },
    "title": "ColdWar",
    "description": " ",
    "show_toast": false,
    "announce_to_chat": false,
    "hidden": false
  },
  "criteria": {
    "requirement": {
      "trigger": "minecraft:location",
      "conditions": {
        "player": {
          "stepping_on": {
            "block": {
              "blocks": [
                "minecraft:lodestone"
              ]
            }
          }
        }
      }
    }
  }
}
