{
  "display": {
    "icon": {
      "item": "minecraft:wheat_seeds"
    },
    "title": {
      "translate": "cw.advancement.mine_defuze.title"
    },
    "description": {
      "translate": "cw.advancement.mine_defuze.description"
    },
    "show_toast": true,
    "announce_to_chat": true,
    "hidden": true
  },
  "parent": "pack:first_kill",
  "criteria": {
    "requirement": {
      "trigger": "minecraft:entity_hurt_player",
      "conditions": {
        "damage": {
          "type": {
            "is_explosion": true
          }
        }
      }
    }
  },
  "rewards": {
    "function": "pack:advancements/easy"
  }
}
