{
  "display": {
    "icon": {
      "item": "minecraft:command_block_minecart"
    },
    "title": {
      "translate": "cw.advancement.minus_admins.title"
    },
    "description": {
      "translate": "cw.advancement.minus_admins.description"
    },
    "frame": "challenge",
    "show_toast": true,
    "announce_to_chat": true,
    "hidden": true
  },
  "parent": "pack:part_hp",
  "criteria": {
    "1": {
      "trigger": "minecraft:player_killed_entity",
      "conditions": {
        "entity": {
          "type": "minecraft:player",
          "player": {
            "advancements": {
              "pack:shelvi": true
            }
          }
        }
      }
    },
    "2": {
      "trigger": "minecraft:player_killed_entity",
      "conditions": {
        "entity": {
          "player": {
            "advancements": {
              "pack:yunix": true
            }
          }
        }
      }
    },
    "3": {
      "trigger": "minecraft:player_killed_entity",
      "conditions": {
        "entity": {
          "player": {
            "advancements": {
              "pack:petakiller": true
            }
          }
        }
      }
    }
  },
  "rewards": {
    "function": "pack:advancements/hard"
  }
}


