{
  "display": {
    "icon": {
      "item": "minecraft:daylight_detector"
    },
    "title": {
      "translate": "cw.advancement.my_bomb.title"
    },
    "description": {
      "translate": "cw.advancement.my_bomb.description"
    },
    "frame": "task",
    "show_toast": true,
    "announce_to_chat": true,
    "hidden": false
  },
  "parent": "pack:bomb",
  "criteria": {
    "requirement": {
      "trigger": "minecraft:player_killed_entity",
      "conditions": {
        "killing_blow": {
          "direct_entity": {
            "stepping_on": {
              "block": {
                "blocks": [
                  "minecraft:daylight_detector"
                ]
              }
            },
            "equipment": {
              "mainhand": {
                "items": [
                  "minecraft:iron_shovel"
                ]
              }
            }
          }
        }
      }
    }
  },
  "rewards": {
    "function": "pack:advancements/medium"
  }
}
