{
  "display": {
    "icon": {
      "item": "minecraft:netherite_sword"
    },
    "title": {
      "translate": "cw.advancement.ninja_kill_samurai.title"
    },
    "description": {
      "translate": "cw.advancement.ninja_kill_samurai.description"
    },
    "show_toast": true,
    "announce_to_chat": true,
    "hidden": false
  },
  "parent": "pack:samurai_kill",
  "criteria": {
    "requirement": {
      "trigger": "minecraft:player_killed_entity",
      "conditions": {
        "player": {
          "nbt": "{Tags:[\"ninja\"]}"
        },
        "entity": {
          "nbt": "{Tags:[\"samurai\"]}"
        }
      }
    }
  },
  "rewards": {
    "function": "pack:advancements/medium"
  }
}
