{
  "display": {
    "icon": {
      "item": "minecraft:enchanted_golden_apple"
    },
    "title": {
      "translate": "cw.advancement.part_hp.title"
    },
    "description": {
      "translate": "cw.advancement.part_hp.description"
    },
    "show_toast": true,
    "announce_to_chat": true,
    "hidden": false
  },
  "parent": "pack:first_kill",
  "criteria": {
    "requirement": {
      "trigger": "minecraft:player_killed_entity",
      "conditions": {
        "player": {
          "nbt": "{Health:1.0f}"
        },
        "entity": {
          "type": "minecraft:player"
        }
      }
    }
  },
  "rewards": {
    "function": "pack:advancements/medium"
  }
}
