{
  "display": {
    "icon": {
      "item": "minecraft:bow",
      "nbt": "{CustomModelData:1}"
    },
    "title": {
      "translate": "cw.advancement.pistol_sniper.title"
    },
    "description": {
      "translate": "cw.advancement.pistol_sniper.description"
    },
    "show_toast": true,
    "announce_to_chat": true,
    "hidden": false
  },
  "parent": "pack:blinde_sniper",
  "criteria": {
    "requirement": {
      "trigger": "minecraft:player_killed_entity",
      "conditions": {
        "player": {
          "equipment": {
            "mainhand": {
              "items": [
                "minecraft:bow"
              ],
              "enchantments": [
                {
                  "enchantment": "minecraft:power",
                  "levels": 1
                }
                ]
            },
            "legs": {
              "items": [
                "minecraft:leather_leggings"
              ]
            }
          }
        }
      }
    }
  },
  "rewards": {
    "function": "pack:advancements/medium"
  }
}
