{
  "display": {
    "icon": {
      "item": "minecraft:netherite_sword"
    },
    "title": {
      "translate": "cw.advancement.samurai_kill.title"
    },
    "description": {
      "translate": "cw.advancement.samurai_kill.description"
    },
    "show_toast": true,
    "announce_to_chat": true,
    "hidden": false
  },
  "parent": "pack:first_kill",
  "criteria": {
    "requirement": {
      "trigger": "minecraft:player_killed_entity",
      "conditions": {
        "player": {
          "nbt": "{Tags:[\"samurai\"]}"
        }
      }
    }
  },
  "rewards": {
    "function": "pack:advancements/easy"
  }
}
