{
  "display": {
    "icon": {
      "item": "minecraft:player_head",
      "nbt": "{display:{Name:\"{\\\"text\\\":\\\"Камера\\\"}\"},SkullOwner:{Id:[I;797692767,214648518,-2094961131,-1410769773],Properties:{textures:[{Value:\"eyJ0ZXh0dXJlcyI6eyJTS0lOIjp7InVybCI6Imh0dHA6Ly90ZXh0dXJlcy5taW5lY3JhZnQubmV0L3RleHR1cmUvMTQ0MjJhODJjODk5YTljMTQ1NDM4NGQzMmNjNTRjNGFlN2ExYzRkNzI0MzBlNmU0NDZkNTNiOGIzODVlMzMwIn19fQ==\"}]}}}"
    },
    "title": {
      "translate": "cw.advancement.spy.title"
    },
    "description": {
      "translate": "cw.advancement.spy.description"
    },
    "show_toast": true,
    "announce_to_chat": true,
    "hidden": false
  },
  "parent": "pack:main",
  "criteria": {
    "requirement": {
      "trigger": "minecraft:impossible"
    }
  },
  "rewards": {
    "function": "pack:advancements/easy"
  }
}
