{
  "display": {
    "icon": {
      "item": "minecraft:air"
    },
    "title": {
      "translate": "cw.advancement.super_comando.title"
    },
    "description": {
      "translate": "cw.advancement.super_comando.description"
    },
    "frame": "goal",
    "show_toast": true,
    "announce_to_chat": true
  },
  "parent": "pack:comando",
  "criteria": {
    "requirement": {
      "trigger": "minecraft:player_killed_entity",
      "conditions": {
        "player": {
          "nbt": "{Tags:[\"comando\",\"no_weapon\"]}"
        },
        "killing_blow": {
          "is_explosion": false,
          "is_fire": false,
          "is_magic": false,
          "is_projectile": false,
          "is_lightning": false,
          "bypasses_armor": false,
          "bypasses_invulnerability": false
        }
      }
    }
  },
  "rewards": {
    "function": "pack:advancements/hard"
  }
}
