{
  "display": {
    "icon": {
      "item": "minecraft:netherite_helmet"
    },
    "title": {
      "translate": "cw.advancement.terminator.title"
    },
    "description": {
      "translate": "cw.advancement.terminator.description"
    },
    "frame": "challenge",
    "show_toast": true,
    "announce_to_chat": true,
    "hidden": false
  },
  "parent": "pack:main",
  "criteria": {
    "3": {
      "trigger": "minecraft:impossible"
    }
  },
  "rewards": {
    "function": "pack:advancements/hard"
  }
}
