{
  "display": {
    "icon": {
      "item": "minecraft:iron_axe"
    },
    "title": {
      "translate": "cw.advancement.whokiller.title"
    },
    "description": {
      "translate": "cw.advancement.whokiller.description"
    },
    "frame": "challenge",
    "show_toast": true,
    "announce_to_chat": true,
    "hidden": true
  },
  "parent": "pack:first_kill",
  "criteria": {
    "requirement": {
      "trigger": "minecraft:player_killed_entity",
      "conditions": {
        "entity": {
          "nbt": "{Inventory:[{id:\"minecraft:iron_axe\"}]}"
        }
      }
    }
  },
  "rewards": {
    "function": "pack:advancements/medium"
  }
}
