{
    "pools": [
      {
        "rolls": 1,
        "entries": [
          {
            "type": "item",
            "weight": 1,
            "name": "minecraft:arrow",
            "functions": [
              {
                "function": "set_count",
                "count": 64
              },
              {
                "function": "set_nbt",
                "tag": "{display:{Name:'{\"translate\":\"cw.item.arrow\",\"color\":\"yellow\",\"italic\":false}'}}"
              }
            ]
          }
        ]
      }
    ]
  }