{
    "pools": [
      {
        "rolls": 1,
        "entries": [
          {
            "type": "item",
            "weight": 1,
            "name": "minecraft:enchanted_golden_apple",
            "functions": [
              {
                "function": "set_count",
                "count": 1
              },
              {
              "function": "set_name",
              "name": [
                {
                  "translate": "cw.item.aid_kit",
                  "color": "aqua",
                  "italic": "false"
                }
              ]
            },
              {
                "function": "set_nbt",
                "tag": "{CustomModelData:0}"
              }
            ]
          }
        ]
      }
    ]
  }