{
  "pools": [
    {
      "rolls": 1,
      "entries": [
        {
          "type": "item",
          "weight": 1,
          "name": "minecraft:wheat_seeds",
          "functions": [
            {
              "function": "set_count",
              "count": 1
            },
            {
              "function": "set_name",
              "name": [
                {
                  "translate": "cw.item.mine",
                  "color": "light_purple",
                  "italic": "false"
                }
              ]
            },
            {
              "function": "set_lore",
              "lore": [
                [
                  {
                    "translate": "cw.item.mine.lore",
                    "with": [{"keybind": "key.drop","color": "blue"}],
                    "italic": "false"
                  }
                ]
              ]
            }
          ]
        }
      ]
    }
  ]
}