{
  "pools": [
    {
      "rolls": 1,
      "entries": [
        {
          "type": "item",
          "weight": 1,
          "name": "minecraft:snowball",
          "functions": [
            {
              "function": "set_count",
              "count": 1
            },
            {
              "function": "set_name",
              "name": [
                {
                  "translate": "cw.item.monster_blind",
                  "color": "gold",
                  "italic": "false"
                }
              ]
            },
            {
              "function": "set_lore",
              "lore": [
                {
                  "text": "ПКМ чтобы ослепить",
                  "color": "white",
                  "italic": "false"
                },
                {
                  "text": "врагов",
                  "color": "white",
                  "italic": "false"
                }
              ]
            }
          ]
        }
      ]
    }
  ]
}