{
    "pools": [
      {
        "rolls": 1,
        "entries": [
          {
            "type": "item",
            "weight": 1,
            "name": "minecraft:golden_apple",
            "functions": [
              {
                "function": "set_count",
                "count": 1
              },
              {
                "function": "set_nbt",
                "tag": "{display:{Name:'{\"translate\":\"cw.item.pill\",\"color\":\"aqua\",\"italic\":false}'}}"
              }
            ]
          }
        ]
      }
    ]
  }