{
    "pools": [
      {
        "rolls": 1,
        "entries": [
          {
            "type": "item",
            "weight": 1,
            "name": "minecraft:stone_shovel",
            "functions": [
              {
                "function": "set_count",
                "count": 1
              },
              {
                "function": "set_nbt",
                "tag":"{display:{Name:'[{\"translate\":\"cw.item.sapper_defuse\",\"italic\":false,\"color\":\"gold\"}]'},CanDestroy:[\"small_amethyst_bud\",\"medium_amethyst_bud\"],Damage:0,Enchantments:[{id:\"minecraft:sharpness\",lvl:7s},{id:\"minecraft:efficiency\",lvl:1500s}],HideFlags:29,Unbreakable:1b}"
                }
            ]
          }
        ]
      }
    ]
  }