{
  "pools": [
    {
      "rolls": 1,
      "entries": [
        {"type": "item", "weight": 1, "name": "minecraft:oak_button", "functions": [{"function": "set_nbt", "tag": "{CustomModelData:1,Enchantments:[{id:\"minecraft:binding_curse\",lvl:1s}]}"}, {"function": "set_count", "count": 1}, {"function": "set_name","name": [{"translate": "Wait...","italic": "false"}]}]},
        {"type": "item", "weight": 1, "name": "minecraft:oak_button", "functions": [{"function": "set_nbt", "tag": "{CustomModelData:2,Enchantments:[{id:\"minecraft:binding_curse\",lvl:1s}]}"}, {"function": "set_count", "count": 1}, {"function": "set_name","name": [{"translate": "Wait...","italic": "false"}]}]},
        {"type": "item", "weight": 1, "name": "minecraft:oak_button", "functions": [{"function": "set_nbt", "tag": "{CustomModelData:3,Enchantments:[{id:\"minecraft:binding_curse\",lvl:1s}]}"}, {"function": "set_count", "count": 1}, {"function": "set_name","name": [{"translate": "Wait...","italic": "false"}]}]},
        {"type": "item", "weight": 1, "name": "minecraft:oak_button", "functions": [{"function": "set_nbt", "tag": "{CustomModelData:4,Enchantments:[{id:\"minecraft:binding_curse\",lvl:1s}]}"}, {"function": "set_count", "count": 1}, {"function": "set_name","name": [{"translate": "Wait...","italic": "false"}]}]},
        {"type": "item", "weight": 1, "name": "minecraft:oak_button", "functions": [{"function": "set_nbt", "tag": "{CustomModelData:5,Enchantments:[{id:\"minecraft:binding_curse\",lvl:1s}]}"}, {"function": "set_count", "count": 1}, {"function": "set_name","name": [{"translate": "Wait...","italic": "false"}]}]},
        {"type": "item", "weight": 1, "name": "minecraft:oak_button", "functions": [{"function": "set_nbt", "tag": "{CustomModelData:6,Enchantments:[{id:\"minecraft:binding_curse\",lvl:1s}]}"}, {"function": "set_count", "count": 1}, {"function": "set_name","name": [{"translate": "Wait...","italic": "false"}]}]},
        {"type": "item", "weight": 1, "name": "minecraft:oak_button", "functions": [{"function": "set_nbt", "tag": "{CustomModelData:7,Enchantments:[{id:\"minecraft:binding_curse\",lvl:1s}]}"}, {"function": "set_count", "count": 1}, {"function": "set_name","name": [{"translate": "Wait...","italic": "false"}]}]},
        {"type": "item", "weight": 1, "name": "minecraft:oak_button", "functions": [{"function": "set_nbt", "tag": "{CustomModelData:8,Enchantments:[{id:\"minecraft:binding_curse\",lvl:1s}]}"}, {"function": "set_count", "count": 1}, {"function": "set_name","name": [{"translate": "Wait...","italic": "false"}]}]}
      ]
    }
  ]
}